{
  "points": 36,
  "badges": [],
  "daily_streak": 0,
  "last_active": null,
  "history": [
    {
      "ts": "2025-10-17T22:48:11",
      "delta": 2,
      "reason": "incorrect"
    },
    {
      "ts": "2025-10-17T22:48:23",
      "delta": 2,
      "reason": "incorrect"
    },
    {
      "ts": "2025-10-17T22:48:29",
      "delta": 2,
      "reason": "incorrect"
    },
    {
      "ts": "2025-10-17T22:48:34",
      "delta": 10,
      "reason": "correct"
    },
    {
      "ts": "2025-10-17T22:48:40",
      "delta": 10,
      "reason": "correct"
    },
    {
      "ts": "2025-10-17T22:48:45",
      "delta": 10,
      "reason": "correct"
    }
  ]
}