{
  "points": 68,
  "badges": [],
  "daily_streak": 1,
  "last_active": "2025-10-18T18:40:27",
  "history": [
    {
      "ts": "2025-10-18T18:38:11",
      "delta": 10,
      "reason": "correct"
    },
    {
      "ts": "2025-10-18T18:38:15",
      "delta": 10,
      "reason": "correct"
    },
    {
      "ts": "2025-10-18T18:38:28",
      "delta": 2,
      "reason": "incorrect"
    },
    {
      "ts": "2025-10-18T18:39:16",
      "delta": 10,
      "reason": "correct"
    },
    {
      "ts": "2025-10-18T18:39:35",
      "delta": 10,
      "reason": "correct"
    },
    {
      "ts": "2025-10-18T18:39:46",
      "delta": 10,
      "reason": "correct"
    },
    {
      "ts": "2025-10-18T18:40:21",
      "delta": 10,
      "reason": "correct"
    },
    {
      "ts": "2025-10-18T18:41:20",
      "delta": 2,
      "reason": "incorrect"
    },
    {
      "ts": "2025-10-18T18:41:38",
      "delta": 2,
      "reason": "incorrect"
    },
    {
      "ts": "2025-10-18T18:41:52",
      "delta": 2,
      "reason": "incorrect"
    }
  ]
}