{
  "points": 36,
  "badges": [],
  "daily_streak": 1,
  "last_active": "2025-10-17T23:57:29",
  "history": [
    {
      "ts": "2025-10-17T23:56:36",
      "delta": 2,
      "reason": "incorrect"
    },
    {
      "ts": "2025-10-17T23:56:59",
      "delta": 2,
      "reason": "incorrect"
    },
    {
      "ts": "2025-10-17T23:57:12",
      "delta": 10,
      "reason": "correct"
    },
    {
      "ts": "2025-10-17T23:57:20",
      "delta": 2,
      "reason": "incorrect"
    },
    {
      "ts": "2025-10-17T23:57:24",
      "delta": 10,
      "reason": "correct"
    },
    {
      "ts": "2025-10-17T23:57:26",
      "delta": 10,
      "reason": "correct"
    }
  ]
}