{
  "6-04": {
    "box": 2,
    "correct_streak": 1,
    "incorrect_count": 0,
    "last_seen": "2025-10-18T18:39:16",
    "due": "2025-10-19T18:39:16"
  },
  "5-05": {
    "box": 2,
    "correct_streak": 1,
    "incorrect_count": 0,
    "last_seen": "2025-10-18T18:39:35",
    "due": "2025-10-19T18:39:35"
  },
  "11-09": {
    "box": 2,
    "correct_streak": 1,
    "incorrect_count": 0,
    "last_seen": "2025-10-18T18:39:46",
    "due": "2025-10-19T18:39:46"
  },
  "6-09": {
    "box": 2,
    "correct_streak": 1,
    "incorrect_count": 0,
    "last_seen": "2025-10-18T18:40:21",
    "due": "2025-10-19T18:40:21"
  },
  "12-02": {
    "box": 2,
    "correct_streak": 1,
    "incorrect_count": 0,
    "last_seen": "2025-10-18T18:43:07",
    "due": "2025-10-19T18:43:07"
  },
  "3-01": {
    "box": 2,
    "correct_streak": 1,
    "incorrect_count": 1,
    "last_seen": "2025-10-18T18:44:03",
    "due": "2025-10-19T18:44:03"
  },
  "3-02": {
    "box": 2,
    "correct_streak": 1,
    "incorrect_count": 0,
    "last_seen": "2025-10-18T18:43:47",
    "due": "2025-10-19T18:43:47"
  }
}